{"stats":{"minecraft:picked_up":{"minecraft:crafting_table":1,"minecraft:dandelion":1,"minecraft:porkchop":8,"minecraft:oak_log":4,"minecraft:yellow_bed":2,"minecraft:dirt":11,"minecraft:bone":1,"minecraft:wheat_seeds":2,"minecraft:hay_block":6,"minecraft:light_gray_wool":1,"minecraft:mutton":3,"minecraft:cobblestone":44,"minecraft:white_wool":1},"minecraft:mined":{"minecraft:hay_block":6,"minecraft:dandelion":1,"minecraft:yellow_bed":2,"minecraft:crafting_table":1,"minecraft:short_grass":6,"minecraft:grass_block":3,"minecraft:oak_log":4,"minecraft:dirt_path":1,"minecraft:dirt":7,"minecraft:stone":44},"minecraft:killed":{"minecraft:sheep":2,"minecraft:pig":4},"minecraft:custom":{"minecraft:time_since_rest":533,"minecraft:interact_with_furnace":2,"minecraft:sprint_one_cm":51580,"minecraft:damage_taken":203,"minecraft:walk_one_cm":79427,"minecraft:mob_kills":6,"minecraft:damage_dealt":738,"minecraft:talked_to_villager":3,"minecraft:interact_with_crafting_table":6,"minecraft:fly_one_cm":89214,"minecraft:open_chest":1,"minecraft:crouch_one_cm":369,"minecraft:play_time":21426,"minecraft:sneak_time":181,"minecraft:jump":494,"minecraft:leave_game":13,"minecraft:walk_on_water_one_cm":97,"minecraft:time_since_death":21426,"minecraft:sleep_in_bed":1,"minecraft:total_world_time":21426,"minecraft:fall_one_cm":14758},"minecraft:crafted":{"minecraft:oak_planks":16,"minecraft:crafting_table":1,"minecraft:stick":8,"minecraft:wooden_pickaxe":1,"minecraft:stone_pickaxe":1,"minecraft:stone_sword":1,"minecraft:furnace":1,"minecraft:cooked_mutton":1,"minecraft:bread":18,"minecraft:air":0,"minecraft:wheat":54},"minecraft:used":{"minecraft:cooked_mutton":1,"minecraft:leather_leggings":1,"minecraft:stone_sword":24,"minecraft:bread":3,"minecraft:stone_pickaxe":36,"minecraft:leather_helmet":1,"minecraft:wooden_pickaxe":9,"minecraft:leather_boots":1,"minecraft:crafting_table":2,"minecraft:furnace":1,"minecraft:yellow_bed":2}},"DataVersion":3953}