{"stats":{"minecraft:crafted":{"minecraft:oak_planks":16,"minecraft:crafting_table":1,"minecraft:stick":4},"minecraft:mined":{"minecraft:short_grass":2,"minecraft:oak_log":4},"minecraft:used":{"minecraft:leather_leggings":1,"minecraft:leather_helmet":1,"minecraft:leather_boots":1},"minecraft:custom":{"minecraft:time_since_rest":6801,"minecraft:open_chest":1,"minecraft:crouch_one_cm":13,"minecraft:play_time":6801,"minecraft:sprint_one_cm":23841,"minecraft:damage_taken":140,"minecraft:walk_one_cm":15458,"minecraft:sneak_time":77,"minecraft:jump":203,"minecraft:damage_dealt":47,"minecraft:leave_game":4,"minecraft:time_since_death":6801,"minecraft:total_world_time":6801,"minecraft:talked_to_villager":3,"minecraft:fall_one_cm":7383,"minecraft:fly_one_cm":47090},"minecraft:picked_up":{"minecraft:oak_log":4}},"DataVersion":3953}