{"stats":{"minecraft:mined":{"minecraft:white_bed":1,"minecraft:powder_snow":1,"minecraft:crafting_table":3,"minecraft:torch":2,"minecraft:short_grass":26,"minecraft:grass_block":20,"minecraft:copper_ore":1,"minecraft:cobblestone":19,"minecraft:oak_planks":15,"minecraft:wall_torch":6,"minecraft:hay_block":7,"minecraft:furnace":2,"minecraft:iron_ore":25,"minecraft:andesite":4,"minecraft:stripped_oak_wood":1,"minecraft:oak_log":13,"minecraft:coal_ore":23,"minecraft:gravel":10,"minecraft:dirt":1,"minecraft:stone":62,"minecraft:oak_leaves":7},"minecraft:picked_up":{"minecraft:crafting_table":3,"minecraft:andesite":4,"minecraft:oak_log":13,"minecraft:shield":4,"minecraft:dirt":20,"minecraft:raw_copper":5,"minecraft:iron_axe":2,"minecraft:bone":3,"minecraft:apple":1,"minecraft:wheat_seeds":1,"minecraft:iron_ingot":12,"minecraft:oak_boat":1,"minecraft:stripped_oak_wood":1,"minecraft:poppy":2,"minecraft:iron_pickaxe":2,"minecraft:oak_planks":42,"minecraft:iron_boots":2,"minecraft:furnace":2,"minecraft:raw_iron":26,"minecraft:stick":2,"minecraft:torch":27,"minecraft:gravel":20,"minecraft:porkchop":10,"minecraft:grass_block":1,"minecraft:white_bed":1,"minecraft:arrow":2,"minecraft:rotten_flesh":5,"minecraft:hay_block":7,"minecraft:bread":31,"minecraft:oak_sapling":2,"minecraft:coal":51,"minecraft:cobblestone":103,"minecraft:ender_pearl":1},"minecraft:dropped":{"minecraft:gravel":10,"minecraft:wheat_seeds":1,"minecraft:raw_copper":5,"minecraft:rotten_flesh":5,"minecraft:leather":3,"minecraft:grass_block":1,"minecraft:poppy":2,"minecraft:dirt":7,"minecraft:shield":2,"minecraft:andesite":4,"minecraft:wooden_axe":1,"minecraft:oak_sapling":1,"minecraft:arrow":1},"minecraft:killed":{"minecraft:pig":3,"minecraft:iron_golem":2,"minecraft:skeleton":3,"minecraft:zombie":3,"minecraft:enderman":1},"minecraft:custom":{"minecraft:interact_with_furnace":22,"minecraft:mob_kills":12,"minecraft:interact_with_crafting_table":9,"minecraft:leave_game":2,"minecraft:time_since_death":14161,"minecraft:sleep_in_bed":1,"minecraft:time_since_rest":14211,"minecraft:sprint_one_cm":80553,"minecraft:damage_taken":2217,"minecraft:walk_one_cm":116244,"minecraft:damage_blocked_by_shield":2315,"minecraft:drop":18,"minecraft:damage_dealt":3955,"minecraft:fly_one_cm":89824,"minecraft:open_chest":1,"minecraft:crouch_one_cm":7246,"minecraft:play_time":36126,"minecraft:deaths":5,"minecraft:sneak_time":2451,"minecraft:jump":654,"minecraft:total_world_time":36126,"minecraft:fall_one_cm":16996},"minecraft:killed_by":{"minecraft:skeleton":1,"minecraft:zombie":3,"minecraft:enderman":1},"minecraft:crafted":{"minecraft:oak_planks":56,"minecraft:cooked_porkchop":5,"minecraft:crafting_table":3,"minecraft:iron_helmet":1,"minecraft:iron_sword":1,"minecraft:furnace":2,"minecraft:bread":21,"minecraft:air":0,"minecraft:oak_boat":1,"minecraft:iron_chestplate":1,"minecraft:iron_boots":1,"minecraft:shield":2,"minecraft:iron_axe":1,"minecraft:stick":12,"minecraft:iron_ingot":25,"minecraft:iron_pickaxe":1,"minecraft:wooden_axe":1,"minecraft:iron_leggings":1,"minecraft:torch":16,"minecraft:wheat":63},"minecraft:used":{"minecraft:oak_planks":15,"minecraft:shield":34,"minecraft:iron_sword":4,"minecraft:torch":6,"minecraft:dirt":7,"minecraft:crafting_table":5,"minecraft:white_bed":1,"minecraft:wooden_axe":29,"minecraft:apple":1,"minecraft:iron_axe":43,"minecraft:bread":14,"minecraft:iron_pickaxe":136,"minecraft:iron_boots":2,"minecraft:cobblestone":52,"minecraft:furnace":2,"minecraft:oak_sapling":1,"minecraft:oak_boat":1}},"DataVersion":3953}