{"stats":{"minecraft:mined":{"minecraft:diamond_ore":1,"minecraft:tuff":59,"minecraft:white_bed":1,"minecraft:deepslate_diamond_ore":6,"minecraft:sculk_vein":1,"minecraft:powder_snow":1,"minecraft:crafting_table":5,"minecraft:torch":2,"minecraft:granite":13,"minecraft:short_grass":27,"minecraft:emerald_ore":1,"minecraft:grass_block":21,"minecraft:copper_ore":1,"minecraft:tall_grass":1,"minecraft:cobblestone":23,"minecraft:lapis_ore":5,"minecraft:deepslate_gold_ore":12,"minecraft:oak_planks":15,"minecraft:diorite":1,"minecraft:wall_torch":6,"minecraft:hay_block":7,"minecraft:furnace":2,"minecraft:iron_ore":25,"minecraft:andesite":10,"minecraft:stripped_oak_wood":1,"minecraft:coal_ore":25,"minecraft:oak_log":19,"minecraft:deepslate_iron_ore":4,"minecraft:gravel":20,"minecraft:dirt":5,"minecraft:stone":178,"minecraft:netherrack":15,"minecraft:oak_leaves":7,"minecraft:deepslate":158},"minecraft:picked_up":{"minecraft:crafting_table":5,"minecraft:andesite":10,"minecraft:flint":2,"minecraft:tuff":59,"minecraft:oak_log":19,"minecraft:shield":4,"minecraft:lapis_lazuli":66,"minecraft:dirt":25,"minecraft:raw_copper":5,"minecraft:iron_axe":3,"minecraft:bone":3,"minecraft:apple":1,"minecraft:wheat_seeds":1,"minecraft:cobbled_deepslate":151,"minecraft:raw_gold":12,"minecraft:iron_ingot":12,"minecraft:oak_boat":2,"minecraft:stripped_oak_wood":1,"minecraft:poppy":2,"minecraft:iron_pickaxe":5,"minecraft:oak_planks":42,"minecraft:soul_sand":3,"minecraft:iron_boots":2,"minecraft:furnace":2,"minecraft:stick":5,"minecraft:raw_iron":30,"minecraft:torch":42,"minecraft:gravel":38,"minecraft:porkchop":10,"minecraft:diorite":1,"minecraft:white_bed":1,"minecraft:grass_block":1,"minecraft:arrow":2,"minecraft:rotten_flesh":8,"minecraft:diamond":7,"minecraft:hay_block":7,"minecraft:granite":13,"minecraft:bread":31,"minecraft:gold_ingot":7,"minecraft:emerald":1,"minecraft:oak_sapling":2,"minecraft:netherrack":2,"minecraft:obsidian":1,"minecraft:coal":53,"minecraft:cobblestone":241,"minecraft:ender_pearl":1},"minecraft:dropped":{"minecraft:gravel":18,"minecraft:furnace":2,"minecraft:iron_sword":1,"minecraft:wheat_seeds":1,"minecraft:raw_copper":5,"minecraft:cobbled_deepslate":76,"minecraft:rotten_flesh":8,"minecraft:leather":3,"minecraft:granite":13,"minecraft:grass_block":1,"minecraft:flint":1,"minecraft:stick":1,"minecraft:poppy":2,"minecraft:dirt":10,"minecraft:shield":2,"minecraft:diorite":1,"minecraft:wooden_axe":1,"minecraft:andesite":10,"minecraft:oak_sapling":1,"minecraft:arrow":1,"minecraft:stone_pickaxe":2,"minecraft:iron_pickaxe":2,"minecraft:gold_ingot":5,"minecraft:bone":2},"minecraft:killed":{"minecraft:pig":3,"minecraft:iron_golem":2,"minecraft:skeleton":3,"minecraft:zombie":4,"minecraft:enderman":1},"minecraft:custom":{"minecraft:interact_with_furnace":34,"minecraft:mob_kills":13,"minecraft:interact_with_crafting_table":22,"minecraft:leave_game":5,"minecraft:time_since_death":1462,"minecraft:sleep_in_bed":1,"minecraft:time_since_rest":1611,"minecraft:sprint_one_cm":133868,"minecraft:damage_taken":2898,"minecraft:walk_one_cm":190911,"minecraft:damage_blocked_by_shield":2544,"minecraft:drop":41,"minecraft:damage_dealt":4215,"minecraft:swim_one_cm":19127,"minecraft:fly_one_cm":163912,"minecraft:open_chest":1,"minecraft:crouch_one_cm":10983,"minecraft:play_time":72388,"minecraft:deaths":7,"minecraft:sneak_time":4082,"minecraft:walk_under_water_one_cm":5750,"minecraft:jump":1205,"minecraft:walk_on_water_one_cm":9686,"minecraft:total_world_time":72388,"minecraft:fall_one_cm":28793},"minecraft:broken":{"minecraft:stone_pickaxe":1,"minecraft:iron_pickaxe":1},"minecraft:killed_by":{"minecraft:piglin":2,"minecraft:skeleton":1,"minecraft:zombie":3,"minecraft:enderman":1},"minecraft:crafted":{"minecraft:oak_planks":80,"minecraft:diamond_sword":1,"minecraft:cooked_porkchop":5,"minecraft:crafting_table":5,"minecraft:wooden_pickaxe":1,"minecraft:iron_helmet":1,"minecraft:iron_sword":1,"minecraft:furnace":4,"minecraft:bucket":1,"minecraft:bread":21,"minecraft:air":0,"minecraft:flint_and_steel":1,"minecraft:oak_boat":1,"minecraft:iron_chestplate":1,"minecraft:iron_boots":1,"minecraft:diamond_pickaxe":1,"minecraft:shield":2,"minecraft:iron_axe":1,"minecraft:stick":20,"minecraft:iron_ingot":29,"minecraft:iron_pickaxe":2,"minecraft:stone_pickaxe":3,"minecraft:wooden_axe":1,"minecraft:gold_ingot":12,"minecraft:iron_leggings":1,"minecraft:torch":16,"minecraft:wheat":63},"minecraft:used":{"minecraft:water_bucket":7,"minecraft:flint_and_steel":1,"minecraft:stone_pickaxe":241,"minecraft:oak_planks":15,"minecraft:shield":38,"minecraft:iron_sword":9,"minecraft:torch":8,"minecraft:dirt":7,"minecraft:crafting_table":10,"minecraft:white_bed":1,"minecraft:wooden_axe":29,"minecraft:lava_bucket":12,"minecraft:apple":1,"minecraft:iron_axe":45,"minecraft:bread":17,"minecraft:iron_pickaxe":300,"minecraft:iron_boots":2,"minecraft:cobblestone":111,"minecraft:furnace":4,"minecraft:oak_sapling":1,"minecraft:cooked_porkchop":1,"minecraft:bucket":20,"minecraft:oak_boat":1}},"DataVersion":3953}