{"stats":{"minecraft:mined":{"minecraft:tuff":47,"minecraft:white_bed":1,"minecraft:powder_snow":1,"minecraft:crafting_table":4,"minecraft:torch":2,"minecraft:granite":13,"minecraft:short_grass":26,"minecraft:emerald_ore":1,"minecraft:grass_block":20,"minecraft:copper_ore":1,"minecraft:cobblestone":19,"minecraft:lapis_ore":5,"minecraft:oak_planks":15,"minecraft:diorite":1,"minecraft:wall_torch":6,"minecraft:hay_block":7,"minecraft:furnace":2,"minecraft:iron_ore":25,"minecraft:andesite":10,"minecraft:stripped_oak_wood":1,"minecraft:oak_log":13,"minecraft:coal_ore":25,"minecraft:gravel":18,"minecraft:dirt":4,"minecraft:stone":177,"minecraft:oak_leaves":7,"minecraft:deepslate":48},"minecraft:picked_up":{"minecraft:crafting_table":4,"minecraft:andesite":10,"minecraft:flint":2,"minecraft:tuff":46,"minecraft:oak_log":13,"minecraft:shield":4,"minecraft:lapis_lazuli":33,"minecraft:dirt":23,"minecraft:raw_copper":5,"minecraft:iron_axe":2,"minecraft:bone":3,"minecraft:apple":1,"minecraft:wheat_seeds":1,"minecraft:cobbled_deepslate":47,"minecraft:iron_ingot":12,"minecraft:oak_boat":1,"minecraft:stripped_oak_wood":1,"minecraft:poppy":2,"minecraft:iron_pickaxe":3,"minecraft:oak_planks":42,"minecraft:iron_boots":2,"minecraft:furnace":2,"minecraft:raw_iron":26,"minecraft:stick":2,"minecraft:torch":27,"minecraft:gravel":26,"minecraft:porkchop":10,"minecraft:diorite":1,"minecraft:grass_block":1,"minecraft:white_bed":1,"minecraft:arrow":2,"minecraft:rotten_flesh":8,"minecraft:hay_block":7,"minecraft:granite":13,"minecraft:emerald":1,"minecraft:bread":31,"minecraft:oak_sapling":2,"minecraft:coal":53,"minecraft:cobblestone":217,"minecraft:ender_pearl":1},"minecraft:dropped":{"minecraft:gravel":10,"minecraft:wheat_seeds":1,"minecraft:raw_copper":5,"minecraft:rotten_flesh":8,"minecraft:leather":3,"minecraft:grass_block":1,"minecraft:poppy":2,"minecraft:dirt":7,"minecraft:shield":2,"minecraft:andesite":4,"minecraft:wooden_axe":1,"minecraft:oak_sapling":1,"minecraft:arrow":1,"minecraft:iron_pickaxe":1},"minecraft:killed":{"minecraft:pig":3,"minecraft:iron_golem":2,"minecraft:skeleton":3,"minecraft:zombie":4,"minecraft:enderman":1},"minecraft:custom":{"minecraft:interact_with_furnace":22,"minecraft:mob_kills":13,"minecraft:interact_with_crafting_table":12,"minecraft:leave_game":2,"minecraft:time_since_death":26161,"minecraft:sleep_in_bed":1,"minecraft:time_since_rest":26211,"minecraft:sprint_one_cm":90576,"minecraft:damage_taken":2237,"minecraft:walk_one_cm":142488,"minecraft:damage_blocked_by_shield":2366,"minecraft:drop":20,"minecraft:damage_dealt":4215,"minecraft:swim_one_cm":19127,"minecraft:fly_one_cm":97712,"minecraft:open_chest":1,"minecraft:crouch_one_cm":7578,"minecraft:play_time":48126,"minecraft:deaths":5,"minecraft:sneak_time":2693,"minecraft:walk_under_water_one_cm":3746,"minecraft:jump":803,"minecraft:walk_on_water_one_cm":3512,"minecraft:total_world_time":48126,"minecraft:fall_one_cm":18503},"minecraft:broken":{"minecraft:stone_pickaxe":1},"minecraft:killed_by":{"minecraft:skeleton":1,"minecraft:zombie":3,"minecraft:enderman":1},"minecraft:crafted":{"minecraft:oak_planks":56,"minecraft:cooked_porkchop":5,"minecraft:crafting_table":4,"minecraft:iron_helmet":1,"minecraft:iron_sword":1,"minecraft:furnace":2,"minecraft:bucket":1,"minecraft:bread":21,"minecraft:air":0,"minecraft:oak_boat":1,"minecraft:iron_chestplate":1,"minecraft:iron_boots":1,"minecraft:shield":2,"minecraft:iron_axe":1,"minecraft:stick":12,"minecraft:iron_ingot":25,"minecraft:iron_pickaxe":1,"minecraft:stone_pickaxe":1,"minecraft:wooden_axe":1,"minecraft:iron_leggings":1,"minecraft:torch":16,"minecraft:wheat":63},"minecraft:used":{"minecraft:water_bucket":2,"minecraft:stone_pickaxe":131,"minecraft:oak_planks":15,"minecraft:shield":35,"minecraft:iron_sword":9,"minecraft:torch":6,"minecraft:dirt":7,"minecraft:crafting_table":7,"minecraft:white_bed":1,"minecraft:wooden_axe":29,"minecraft:apple":1,"minecraft:iron_axe":44,"minecraft:bread":14,"minecraft:iron_pickaxe":244,"minecraft:iron_boots":2,"minecraft:cobblestone":65,"minecraft:furnace":2,"minecraft:oak_sapling":1,"minecraft:cooked_porkchop":1,"minecraft:bucket":3,"minecraft:oak_boat":1}},"DataVersion":3953}