{"stats":{"minecraft:dropped":{"minecraft:iron_sword":1,"minecraft:wheat_seeds":2,"minecraft:leather":3,"minecraft:granite":13,"minecraft:grass_block":1,"minecraft:stick":1,"minecraft:flint":1,"minecraft:dirt":10,"minecraft:diorite":1,"minecraft:wooden_axe":1,"minecraft:iron_pickaxe":2,"minecraft:gold_ingot":5,"minecraft:bone":2,"minecraft:gravel":18,"minecraft:furnace":2,"minecraft:stone_axe":11,"minecraft:cobbled_deepslate":76,"minecraft:raw_copper":5,"minecraft:stone_shovel":8,"minecraft:composter":1,"minecraft:rotten_flesh":9,"minecraft:poppy":6,"minecraft:shield":2,"minecraft:oak_button":40,"minecraft:andesite":10,"minecraft:oak_sapling":1,"minecraft:bow":1,"minecraft:arrow":1,"minecraft:stone_pickaxe":2},"minecraft:mined":{"minecraft:diamond_ore":1,"minecraft:tuff":59,"minecraft:white_bed":1,"minecraft:deepslate_diamond_ore":6,"minecraft:sculk_vein":1,"minecraft:granite":13,"minecraft:grass_block":26,"minecraft:composter":1,"minecraft:hay_block":7,"minecraft:furnace":2,"minecraft:iron_ore":25,"minecraft:andesite":10,"minecraft:dirt_path":1,"minecraft:water_cauldron":4,"minecraft:deepslate_iron_ore":4,"minecraft:stripped_oak_log":16,"minecraft:stone":178,"minecraft:smithing_table":3,"minecraft:powder_snow":5,"minecraft:crafting_table":5,"minecraft:torch":2,"minecraft:short_grass":33,"minecraft:emerald_ore":1,"minecraft:tall_grass":4,"minecraft:copper_ore":1,"minecraft:cobblestone":29,"minecraft:deepslate_gold_ore":12,"minecraft:lapis_ore":5,"minecraft:oak_planks":19,"minecraft:diorite":1,"minecraft:wall_torch":8,"minecraft:stripped_oak_wood":1,"minecraft:oak_log":143,"minecraft:coal_ore":25,"minecraft:gravel":54,"minecraft:dirt":10,"minecraft:netherrack":15,"minecraft:oak_leaves":14,"minecraft:deepslate":158},"minecraft:picked_up":{"minecraft:crafting_table":5,"minecraft:smithing_table":3,"minecraft:shield":4,"minecraft:raw_copper":5,"minecraft:iron_axe":3,"minecraft:cobbled_deepslate":151,"minecraft:oak_boat":2,"minecraft:iron_pickaxe":5,"minecraft:poppy":6,"minecraft:furnace":2,"minecraft:iron_boots":2,"minecraft:raw_iron":30,"minecraft:stick":27,"minecraft:composter":1,"minecraft:torch":44,"minecraft:porkchop":10,"minecraft:diorite":1,"minecraft:cauldron":4,"minecraft:arrow":2,"minecraft:rotten_flesh":9,"minecraft:hay_block":7,"minecraft:gold_ingot":7,"minecraft:obsidian":1,"minecraft:cobblestone":247,"minecraft:stripped_oak_log":16,"minecraft:andesite":10,"minecraft:flint":6,"minecraft:tuff":59,"minecraft:oak_log":143,"minecraft:lapis_lazuli":66,"minecraft:dirt":30,"minecraft:bone":3,"minecraft:apple":9,"minecraft:wheat_seeds":3,"minecraft:raw_gold":12,"minecraft:iron_ingot":20,"minecraft:stripped_oak_wood":1,"minecraft:soul_sand":3,"minecraft:oak_planks":46,"minecraft:gravel":77,"minecraft:white_bed":1,"minecraft:grass_block":1,"minecraft:diamond":7,"minecraft:stone_axe":9,"minecraft:granite":13,"minecraft:emerald":1,"minecraft:bread":31,"minecraft:oak_sapling":23,"minecraft:netherrack":2,"minecraft:coal":53,"minecraft:ender_pearl":1},"minecraft:killed":{"minecraft:skeleton":3,"minecraft:pig":3,"minecraft:iron_golem":3,"minecraft:zombie":5,"minecraft:enderman":1},"minecraft:broken":{"minecraft:stone_pickaxe":1,"minecraft:iron_pickaxe":1},"minecraft:custom":{"minecraft:mob_kills":15,"minecraft:interact_with_crafting_table":30,"minecraft:leave_game":7,"minecraft:time_since_death":23638,"minecraft:sprint_one_cm":202339,"minecraft:walk_one_cm":313719,"minecraft:damage_blocked_by_shield":2544,"minecraft:drop":66,"minecraft:talked_to_villager":52,"minecraft:play_time":104185,"minecraft:deaths":8,"minecraft:sneak_time":5473,"minecraft:walk_under_water_one_cm":8270,"minecraft:jump":1824,"minecraft:walk_on_water_one_cm":15687,"minecraft:total_world_time":104185,"minecraft:interact_with_furnace":34,"minecraft:traded_with_villager":52,"minecraft:sleep_in_bed":3,"minecraft:time_since_rest":6276,"minecraft:damage_taken":3290,"minecraft:damage_dealt":5720,"minecraft:swim_one_cm":24011,"minecraft:fly_one_cm":262345,"minecraft:open_chest":3,"minecraft:crouch_one_cm":13314,"minecraft:fall_one_cm":45803},"minecraft:killed_by":{"minecraft:enderman":1,"minecraft:piglin":3,"minecraft:skeleton":1,"minecraft:zombie":3},"minecraft:crafted":{"minecraft:oak_planks":640,"minecraft:stone_shovel":8,"minecraft:furnace":4,"minecraft:flint_and_steel":1,"minecraft:bow":2,"minecraft:iron_boots":1,"minecraft:iron_axe":2,"minecraft:stone_pickaxe":4,"minecraft:oak_button":104,"minecraft:wheat":63,"minecraft:diamond_sword":1,"minecraft:arrow":64,"minecraft:emerald":27,"minecraft:cooked_porkchop":5,"minecraft:crafting_table":6,"minecraft:wooden_pickaxe":2,"minecraft:iron_helmet":1,"minecraft:iron_sword":1,"minecraft:smithing_table":1,"minecraft:fletching_table":2,"minecraft:bucket":1,"minecraft:stone_axe":12,"minecraft:bread":21,"minecraft:air":0,"minecraft:oak_boat":1,"minecraft:iron_chestplate":1,"minecraft:diamond_pickaxe":1,"minecraft:shield":2,"minecraft:stick":880,"minecraft:iron_ingot":29,"minecraft:iron_pickaxe":2,"minecraft:wooden_axe":1,"minecraft:iron_leggings":1,"minecraft:gold_ingot":12,"minecraft:torch":16},"minecraft:used":{"minecraft:flint_and_steel":1,"minecraft:shield":38,"minecraft:iron_sword":9,"minecraft:torch":10,"minecraft:dirt":14,"minecraft:wooden_axe":29,"minecraft:lava_bucket":12,"minecraft:iron_axe":45,"minecraft:iron_boots":2,"minecraft:oak_sapling":22,"minecraft:furnace":4,"minecraft:water_bucket":7,"minecraft:stone_pickaxe":244,"minecraft:oak_planks":26,"minecraft:wooden_pickaxe":7,"minecraft:fletching_table":2,"minecraft:crafting_table":11,"minecraft:white_bed":1,"minecraft:apple":7,"minecraft:bread":17,"minecraft:iron_pickaxe":300,"minecraft:gravel":39,"minecraft:stone_axe":161,"minecraft:cobblestone":111,"minecraft:cooked_porkchop":1,"minecraft:smithing_table":4,"minecraft:bucket":20,"minecraft:oak_boat":1}},"DataVersion":3953}