{"stats":{"minecraft:picked_up":{"minecraft:dirt":4},"minecraft:mined":{"minecraft:short_grass":3,"minecraft:grass_block":6,"minecraft:powder_snow":1},"minecraft:custom":{"minecraft:jump":50,"minecraft:time_since_rest":365,"minecraft:damage_dealt":19,"minecraft:damage_taken":872,"minecraft:play_time":3392,"minecraft:leave_game":2,"minecraft:sprint_one_cm":6670,"minecraft:walk_one_cm":7639,"minecraft:time_since_death":0,"minecraft:deaths":3,"minecraft:total_world_time":3392,"minecraft:fall_one_cm":1314,"minecraft:fly_one_cm":6976},"minecraft:killed_by":{"minecraft:zombie":3},"minecraft:used":{"minecraft:dirt":1}},"DataVersion":3953}