{"stats":{"minecraft:picked_up":{"minecraft:stick":2,"minecraft:crafting_table":2,"minecraft:torch":4,"minecraft:oak_log":5,"minecraft:shield":1,"minecraft:white_bed":1,"minecraft:dirt":10,"minecraft:rotten_flesh":1,"minecraft:apple":1,"minecraft:wheat_seeds":1,"minecraft:hay_block":7,"minecraft:iron_ingot":12,"minecraft:stripped_oak_wood":1,"minecraft:poppy":2,"minecraft:oak_sapling":2,"minecraft:oak_planks":15},"minecraft:dropped":{"minecraft:poppy":2,"minecraft:shield":1,"minecraft:wheat_seeds":1,"minecraft:wooden_axe":1,"minecraft:oak_sapling":1,"minecraft:rotten_flesh":1,"minecraft:leather":3},"minecraft:mined":{"minecraft:hay_block":7,"minecraft:white_bed":1,"minecraft:stripped_oak_wood":1,"minecraft:powder_snow":1,"minecraft:crafting_table":2,"minecraft:short_grass":23,"minecraft:grass_block":13,"minecraft:oak_log":5,"minecraft:dirt":1,"minecraft:oak_planks":15,"minecraft:oak_leaves":4,"minecraft:wall_torch":4},"minecraft:killed":{"minecraft:zombie":1,"minecraft:iron_golem":2},"minecraft:custom":{"minecraft:time_since_rest":9099,"minecraft:sprint_one_cm":29011,"minecraft:damage_taken":980,"minecraft:walk_one_cm":37931,"minecraft:damage_blocked_by_shield":566,"minecraft:mob_kills":3,"minecraft:drop":7,"minecraft:damage_dealt":1878,"minecraft:interact_with_crafting_table":4,"minecraft:fly_one_cm":41692,"minecraft:open_chest":1,"minecraft:crouch_one_cm":2030,"minecraft:play_time":12126,"minecraft:deaths":3,"minecraft:sneak_time":1233,"minecraft:jump":253,"minecraft:leave_game":2,"minecraft:time_since_death":8692,"minecraft:total_world_time":12126,"minecraft:fall_one_cm":5803},"minecraft:killed_by":{"minecraft:zombie":3},"minecraft:crafted":{"minecraft:oak_planks":24,"minecraft:iron_boots":1,"minecraft:shield":2,"minecraft:iron_axe":1,"minecraft:crafting_table":1,"minecraft:stick":4,"minecraft:iron_pickaxe":1,"minecraft:wooden_axe":1,"minecraft:bread":21,"minecraft:wheat":63},"minecraft:used":{"minecraft:wooden_axe":29,"minecraft:apple":1,"minecraft:iron_axe":12,"minecraft:bread":1,"minecraft:oak_planks":15,"minecraft:shield":6,"minecraft:dirt":7,"minecraft:crafting_table":3,"minecraft:oak_sapling":1,"minecraft:white_bed":1}},"DataVersion":3953}