{"stats":{"minecraft:dropped":{"minecraft:wheat_seeds":1,"minecraft:raw_copper":5,"minecraft:rotten_flesh":5,"minecraft:leather":3,"minecraft:poppy":2,"minecraft:shield":2,"minecraft:wooden_axe":1,"minecraft:oak_sapling":1},"minecraft:mined":{"minecraft:white_bed":1,"minecraft:powder_snow":1,"minecraft:crafting_table":2,"minecraft:torch":2,"minecraft:short_grass":26,"minecraft:grass_block":19,"minecraft:copper_ore":1,"minecraft:oak_planks":15,"minecraft:wall_torch":6,"minecraft:hay_block":7,"minecraft:iron_ore":5,"minecraft:stripped_oak_wood":1,"minecraft:oak_log":13,"minecraft:coal_ore":23,"minecraft:gravel":10,"minecraft:dirt":1,"minecraft:stone":25,"minecraft:oak_leaves":7},"minecraft:picked_up":{"minecraft:crafting_table":2,"minecraft:oak_log":13,"minecraft:shield":4,"minecraft:dirt":19,"minecraft:raw_copper":5,"minecraft:iron_axe":2,"minecraft:bone":2,"minecraft:apple":1,"minecraft:wheat_seeds":1,"minecraft:iron_ingot":12,"minecraft:oak_boat":1,"minecraft:stripped_oak_wood":1,"minecraft:poppy":2,"minecraft:iron_pickaxe":2,"minecraft:oak_planks":42,"minecraft:iron_boots":2,"minecraft:raw_iron":2,"minecraft:stick":2,"minecraft:torch":27,"minecraft:gravel":20,"minecraft:porkchop":10,"minecraft:grass_block":1,"minecraft:white_bed":1,"minecraft:arrow":2,"minecraft:rotten_flesh":5,"minecraft:hay_block":7,"minecraft:bread":31,"minecraft:oak_sapling":2,"minecraft:coal":46,"minecraft:cobblestone":52,"minecraft:ender_pearl":1},"minecraft:killed":{"minecraft:pig":3,"minecraft:iron_golem":2,"minecraft:skeleton":2,"minecraft:zombie":2,"minecraft:enderman":1},"minecraft:custom":{"minecraft:mob_kills":10,"minecraft:interact_with_crafting_table":5,"minecraft:leave_game":2,"minecraft:time_since_death":2161,"minecraft:sleep_in_bed":1,"minecraft:time_since_rest":2211,"minecraft:sprint_one_cm":60577,"minecraft:damage_taken":2008,"minecraft:walk_one_cm":86411,"minecraft:damage_blocked_by_shield":1898,"minecraft:drop":10,"minecraft:damage_dealt":3515,"minecraft:fly_one_cm":70458,"minecraft:open_chest":1,"minecraft:crouch_one_cm":4257,"minecraft:play_time":24126,"minecraft:deaths":5,"minecraft:sneak_time":1719,"minecraft:jump":470,"minecraft:total_world_time":24126,"minecraft:fall_one_cm":9933},"minecraft:killed_by":{"minecraft:skeleton":1,"minecraft:zombie":3,"minecraft:enderman":1},"minecraft:crafted":{"minecraft:oak_planks":56,"minecraft:crafting_table":2,"minecraft:bread":21,"minecraft:oak_boat":1,"minecraft:iron_boots":1,"minecraft:shield":2,"minecraft:iron_axe":1,"minecraft:stick":8,"minecraft:iron_pickaxe":1,"minecraft:wooden_axe":1,"minecraft:torch":16,"minecraft:wheat":63},"minecraft:used":{"minecraft:oak_planks":15,"minecraft:shield":26,"minecraft:torch":6,"minecraft:dirt":7,"minecraft:crafting_table":4,"minecraft:white_bed":1,"minecraft:wooden_axe":29,"minecraft:apple":1,"minecraft:iron_axe":40,"minecraft:bread":10,"minecraft:iron_pickaxe":54,"minecraft:iron_boots":2,"minecraft:cobblestone":4,"minecraft:oak_sapling":1,"minecraft:oak_boat":1}},"DataVersion":3953}