{
  "minecraft:recipes/decorations/crafting_table": {
    "criteria": {
      "unlock_right_away": "2024-07-12 00:34:16 +0000"
    },
    "done": true
  },
  "minecraft:adventure/adventuring_time": {
    "criteria": {
      "minecraft:snowy_slopes": "2024-07-12 00:36:06 +0000",
      "minecraft:stony_shore": "2024-07-12 00:34:46 +0000",
      "minecraft:plains": "2024-07-12 00:34:17 +0000"
    },
    "done": false
  },
  "minecraft:adventure/root": {
    "criteria": {
      "killed_by_something": "2024-07-12 00:34:52 +0000"
    },
    "done": true
  },
  "DataVersion": 3953
}